<?xml version="1.0"?>
<!DOCTYPE module PUBLIC
        "-//Checkstyle//DTD Checkstyle Configuration 1.3//EN"
        "https://checkstyle.org/dtds/configuration_1_3.dtd">
<!--
  ~ Copyright 2010 the original author or authors.
  ~
  ~ Licensed under the Apache License, Version 2.0 (the "License");
  ~ you may not use this file except in compliance with the License.
  ~ You may obtain a copy of the License at
  ~
  ~      http://www.apache.org/licenses/LICENSE-2.0
  ~
  ~ Unless required by applicable law or agreed to in writing, software
  ~ distributed under the License is distributed on an "AS IS" BASIS,
  ~ WITHOUT WARRANTIES OR CONDITIONS OF ANY KIND, either express or implied.
  ~ See the License for the specific language governing permissions and
  ~ limitations under the License.
  -->

<module name="Checker">
    <property name="charset" value="UTF-8"/>
    <module name="FileTabCharacter"/>

    <module name="LineLength">
        <property name="max" value="120"/>
        <property name="ignorePattern" value="^package.*|^import.*|a href|href|http://|https://|ftp://"/>
    </module>

    <module name="TreeWalker">
        <module name="OuterTypeFilename"/>
        <module name="AvoidNestedBlocks">
            <property name="allowInSwitchCase" value="true"/>
        </module>
        <module name="AvoidEscapedUnicodeCharacters">
            <property name="allowEscapesForControlCharacters" value="true"/>
            <property name="allowByTailComment" value="true"/>
            <property name="allowNonPrintableEscapes" value="true"/>
        </module>
        <module name="OneTopLevelClass"/>
        <module name="OneStatementPerLine"/>
        <module name="Indentation">
            <property name="basicOffset" value="4"/>
            <property name="braceAdjustment" value="0"/>
            <property name="caseIndent" value="4"/>
            <property name="throwsIndent" value="4"/>
            <property name="lineWrappingIndentation" value="4"/>
            <property name="arrayInitIndent" value="2"/>
        </module>
        <module name="CommentsIndentation"/>
        <module name="SeparatorWrap">
            <property name="tokens" value="DOT"/>
            <property name="option" value="nl"/>
        </module>
        <module name="SeparatorWrap">
            <property name="tokens" value="COMMA"/>
            <property name="option" value="EOL"/>
        </module>
        <module name="VariableDeclarationUsageDistance"/>
        <module name="AtclauseOrder">
            <property name="tagOrder" value="@param, @return, @throws, @deprecated"/>
            <property name="target" value="CLASS_DEF, INTERFACE_DEF, ENUM_DEF, METHOD_DEF, CTOR_DEF, VARIABLE_DEF"/>
        </module>

        <!-- Braces -->
        <module name="LeftCurly"/>
        <module name="RightCurly">
            <property name="option" value="alone_or_singleline"/>
            <property name="tokens" value="LITERAL_ELSE, METHOD_DEF, LITERAL_TRY, LITERAL_CATCH, LITERAL_FINALLY,"/>
        </module>
        <module name="NeedBraces"/>

        <!-- Whitespace -->
        <module name="GenericWhitespace"/>
        <module name="EmptyForInitializerPad"/>
        <module name="EmptyForIteratorPad"/>
        <module name="MethodParamPad"/>
        <module name="NoWhitespaceBefore"/>
        <module name="NoWhitespaceAfter"/>
        <module name="OperatorWrap">
            <property name="option" value="eol"/>
        </module>
        <module name="ParenPad"/>
        <module name="TypecastParenPad"/>
        <module name="WhitespaceAfter">
            <property name="tokens" value="COMMA, SEMI"/>
        </module>
        <module name="WhitespaceAround">
            <property name="allowEmptyConstructors" value="true"/>
            <property name="allowEmptyMethods" value="true"/>
            <property name="allowEmptyTypes" value="true"/>
            <property name="allowEmptyLambdas" value="true"/>
            <property name="ignoreEnhancedForColon" value="false"/>
        </module>
        <module name="EmptyCatchBlock">
            <property name="commentFormat" value="expected"/>
            <property name="exceptionVariableName" value="ignore|expected"/>
        </module>

        <!-- Coding -->
        <module name="ArrayTypeStyle"/>
        <module name="FallThrough"/>
        <module name="ModifierOrder"/>
        <module name="CovariantEquals"/>
        <module name="DefaultComesLast"/>
        <module name="EmptyStatement"/>
        <module name="EqualsHashCode"/>
        <module name="ExplicitInitialization"/>
        <module name="MultipleVariableDeclarations"/>
        <module name="NoClone"/>
        <module name="NoFinalizer"/>
        <!--<module name="RedundantThrows">-->
        <!--<property name="allowUnchecked" value="true"/>-->
        <!--</module>-->
        <module name="SimplifyBooleanExpression"/>
        <module name="SimplifyBooleanReturn"/>
        <module name="StringLiteralEquality"/>
        <module name="UnnecessaryParentheses"/>

        <!-- Design -->
        <module name="InterfaceIsType"/>

        <!-- Imports -->
        <module name="RedundantImport"/>
        <module name="UnusedImports"/>
        <module name="AvoidStarImport"/>
        <module name="CustomImportOrder">
            <property name="standardPackageRegExp" value="^(java|javax|javafx)\."/>
            <property name="sortImportsInGroupAlphabetically" value="true"/>
            <property name="thirdPartyPackageRegExp" value="com|net|org"/>
            <property name="customImportOrderRules"
                      value="STANDARD_JAVA_PACKAGE###THIRD_PARTY_PACKAGE###STATIC"/>
            <property name="separateLineBetweenGroups" value="true"/>
        </module>

        <!-- Naming -->
        <module name="ClassTypeParameterName">
            <property name="format" value="^[A-Z]$|SELF"/>
        </module>
        <module name="ConstantName"/>
        <module name="LocalFinalVariableName"/>
        <module name="LocalVariableName"/>
        <!--<module name="MemberName">
            <property name="format" value="^[a-z_][a-zA-Z0-9_]*$"/>
        </module>-->
        <module name="MethodName">
            <property name="format" value="^[a-z_][a-zA-Z0-9_]*$"/>
        </module>
        <module name="MethodTypeParameterName"/>
        <module name="PackageName">
            <property name="format" value="^[a-z]+(\.[a-z][a-z0-9]*)*$"/>
        </module>
        <module name="ParameterName"/>
        <module name="TypeName"/>
        <module name="PackageDeclaration"/>
        <!-- allows suppressing using the //CHECKSTYLE:ON //CHECKSTYLE:OFF -->
        <module name="SuppressionCommentFilter"/>
    </module>

    <module name="RegexpSingleline">
        <property name="format" value="File \| Settings \| File Templates"/>
    </module>
    <module name="RegexpSingleline">
        <property name="format" value="Created with IntelliJ IDEA"/>
    </module>
    <module name="RegexpSingleline">
        <property name="format" value="^\s*\*\s*@author"/>
    </module>
</module>
